--
-- Script was generated by Devart dbForge Studio 2019 for MySQL, Version 8.2.23.0
-- Product home page: http://www.devart.com/dbforge/mysql/studio
-- Script date 24.05.2020 22:37:18
-- Server version: 5.5.5-10.3.13-MariaDB-log
-- Client version: 4.1
--

-- 
-- Disable foreign keys
-- 
/*!40014 SET @OLD_FOREIGN_KEY_CHECKS=@@FOREIGN_KEY_CHECKS, FOREIGN_KEY_CHECKS=0 */;

-- 
-- Set SQL mode
-- 
/*!40101 SET @OLD_SQL_MODE=@@SQL_MODE, SQL_MODE='NO_AUTO_VALUE_ON_ZERO' */;

-- 
-- Set character set the client will use to send SQL statements to the server
--
SET NAMES 'utf8';

--
-- Set default database
--
USE child_game;

--
-- Drop table `migrations`
--
DROP TABLE IF EXISTS migrations;

--
-- Drop table `questions`
--
DROP TABLE IF EXISTS questions;

--
-- Drop table `users`
--
DROP TABLE IF EXISTS users;

--
-- Drop table `user_answers`
--
DROP TABLE IF EXISTS user_answers;

--
-- Set default database
--
USE child_game;

--
-- Create table `user_answers`
--
CREATE TABLE user_answers (
  id BIGINT(20) UNSIGNED NOT NULL AUTO_INCREMENT,
  uid TINYINT(4) NOT NULL,
  question TINYINT(4) NOT NULL,
  answer VARCHAR(255) NOT NULL,
  created_at TIMESTAMP NULL DEFAULT current_timestamp(),
  updated_at TIMESTAMP NULL DEFAULT NULL,
  PRIMARY KEY (id)
)
ENGINE = INNODB,
AUTO_INCREMENT = 91,
AVG_ROW_LENGTH = 182,
CHARACTER SET utf8mb4,
COLLATE utf8mb4_unicode_ci;

--
-- Create table `users`
--
CREATE TABLE users (
  id BIGINT(20) UNSIGNED NOT NULL AUTO_INCREMENT,
  email VARCHAR(255) NOT NULL,
  password VARCHAR(255) NOT NULL,
  name VARCHAR(255) NOT NULL,
  subdivision VARCHAR(255) NOT NULL,
  phone VARCHAR(255) NOT NULL,
  child_name VARCHAR(255) NOT NULL,
  child_age VARCHAR(255) NOT NULL,
  remember_token VARCHAR(255) DEFAULT NULL,
  created_at TIMESTAMP NULL DEFAULT NULL,
  updated_at TIMESTAMP NULL DEFAULT NULL,
  PRIMARY KEY (id)
)
ENGINE = INNODB,
AUTO_INCREMENT = 2,
AVG_ROW_LENGTH = 16384,
CHARACTER SET utf8mb4,
COLLATE utf8mb4_unicode_ci;

--
-- Create table `questions`
--
CREATE TABLE questions (
  id BIGINT(20) UNSIGNED NOT NULL AUTO_INCREMENT,
  question VARCHAR(400) NOT NULL,
  answer VARCHAR(255) NOT NULL,
  A VARCHAR(255) NOT NULL,
  B VARCHAR(255) NOT NULL,
  C VARCHAR(255) NOT NULL,
  D VARCHAR(255) NOT NULL,
  created_at TIMESTAMP NULL DEFAULT NULL,
  updated_at TIMESTAMP NULL DEFAULT NULL,
  PRIMARY KEY (id)
)
ENGINE = INNODB,
AUTO_INCREMENT = 31,
AVG_ROW_LENGTH = 546,
CHARACTER SET utf8mb4,
COLLATE utf8mb4_unicode_ci;

--
-- Create table `migrations`
--
CREATE TABLE migrations (
  id INT(10) UNSIGNED NOT NULL AUTO_INCREMENT,
  migration VARCHAR(255) NOT NULL,
  batch INT(11) NOT NULL,
  PRIMARY KEY (id)
)
ENGINE = INNODB,
AUTO_INCREMENT = 4,
AVG_ROW_LENGTH = 5461,
CHARACTER SET utf8mb4,
COLLATE utf8mb4_unicode_ci;

-- 
-- Dumping data for table user_answers
--
INSERT INTO user_answers VALUES
(1, 1, 1, 'B', '2020-05-24 20:54:52', NULL),
(2, 1, 2, 'C', '2020-05-24 20:56:55', NULL),
(3, 1, 3, 'A', '2020-05-24 21:00:38', NULL),
(4, 1, 4, 'B', '2020-05-24 21:01:24', NULL),
(5, 1, 5, 'D', '2020-05-24 21:01:28', NULL),
(6, 1, 6, 'C', '2020-05-24 21:01:34', NULL),
(7, 1, 7, 'A', '2020-05-24 21:01:38', NULL),
(8, 1, 8, 'B', '2020-05-24 21:01:45', NULL),
(9, 1, 9, 'D', '2020-05-24 21:01:51', NULL),
(10, 1, 10, 'B', '2020-05-24 21:01:55', NULL),
(11, 1, 11, 'A', '2020-05-24 21:02:02', NULL),
(12, 1, 12, 'C', '2020-05-24 21:02:08', NULL),
(13, 1, 13, 'B', '2020-05-24 21:02:14', NULL),
(14, 1, 14, 'D', '2020-05-24 21:02:26', NULL),
(15, 1, 15, 'D', '2020-05-24 21:02:31', NULL),
(16, 1, 16, 'B', '2020-05-24 21:02:39', NULL),
(17, 1, 17, 'A', '2020-05-24 21:02:44', NULL),
(18, 1, 18, 'C', '2020-05-24 21:02:54', NULL),
(19, 1, 19, 'B', '2020-05-24 21:03:05', NULL),
(20, 1, 20, 'C', '2020-05-24 21:03:10', NULL),
(21, 1, 21, 'A', '2020-05-24 21:03:15', NULL),
(22, 1, 22, 'B', '2020-05-24 21:03:18', NULL),
(23, 1, 23, 'D', '2020-05-24 21:03:25', NULL),
(24, 1, 24, 'A', '2020-05-24 21:03:32', NULL),
(25, 1, 25, 'C', '2020-05-24 21:03:43', NULL),
(26, 1, 26, 'B', '2020-05-24 21:03:48', NULL),
(27, 1, 27, 'D', '2020-05-24 21:03:53', NULL),
(28, 1, 28, 'A', '2020-05-24 21:03:58', NULL),
(29, 1, 29, 'B', '2020-05-24 21:04:02', NULL),
(30, 1, 30, 'C', '2020-05-24 21:04:15', NULL),
(31, 1, 1, 'B', '2020-05-24 21:27:41', NULL),
(32, 1, 2, 'C', '2020-05-24 21:27:50', NULL),
(33, 1, 3, 'A', '2020-05-24 21:27:54', NULL),
(34, 1, 4, 'B', '2020-05-24 21:27:59', NULL),
(35, 1, 5, 'D', '2020-05-24 21:28:04', NULL),
(36, 1, 6, 'C', '2020-05-24 21:28:19', NULL),
(37, 1, 7, 'D', '2020-05-24 21:28:51', NULL),
(38, 1, 8, 'C', '2020-05-24 21:29:01', NULL),
(39, 1, 9, 'D', '2020-05-24 21:29:04', NULL),
(40, 1, 10, 'B', '2020-05-24 21:29:11', NULL),
(41, 1, 11, 'A', '2020-05-24 21:29:25', NULL),
(42, 1, 12, 'C', '2020-05-24 21:29:36', NULL),
(43, 1, 13, 'B', '2020-05-24 21:29:44', NULL),
(44, 1, 14, 'A', '2020-05-24 21:30:04', NULL),
(45, 1, 15, 'D', '2020-05-24 21:30:09', NULL),
(46, 1, 16, 'B', '2020-05-24 21:30:17', NULL),
(47, 1, 17, 'A', '2020-05-24 21:30:21', NULL),
(48, 1, 18, 'C', '2020-05-24 21:30:39', NULL),
(49, 1, 19, 'B', '2020-05-24 21:30:44', NULL),
(50, 1, 20, 'C', '2020-05-24 21:30:57', NULL),
(51, 1, 21, 'A', '2020-05-24 21:31:28', NULL),
(52, 1, 22, 'B', '2020-05-24 21:31:34', NULL),
(53, 1, 23, 'D', '2020-05-24 21:31:54', NULL),
(54, 1, 24, 'D', '2020-05-24 21:32:00', NULL),
(55, 1, 25, 'C', '2020-05-24 21:32:11', NULL),
(56, 1, 26, 'B', '2020-05-24 21:32:19', NULL),
(57, 1, 27, 'D', '2020-05-24 21:32:57', NULL),
(58, 1, 28, 'A', '2020-05-24 21:33:18', NULL),
(59, 1, 29, 'B', '2020-05-24 21:33:36', NULL),
(60, 1, 30, 'C', '2020-05-24 21:33:41', NULL),
(61, 1, 1, 'B', '2020-05-24 21:34:27', NULL),
(62, 1, 2, 'C', '2020-05-24 21:34:32', NULL),
(63, 1, 3, 'A', '2020-05-24 21:34:35', NULL),
(64, 1, 4, 'B', '2020-05-24 21:34:39', NULL),
(65, 1, 5, 'B', '2020-05-24 21:34:44', NULL),
(66, 1, 6, 'C', '2020-05-24 21:39:37', NULL),
(67, 1, 7, 'C', '2020-05-24 21:39:40', NULL),
(68, 1, 8, 'B', '2020-05-24 21:45:43', NULL),
(69, 1, 9, 'B', '2020-05-24 21:54:01', NULL),
(70, 1, 10, 'B', '2020-05-24 21:58:03', NULL),
(71, 1, 11, 'D', '2020-05-24 21:59:02', NULL),
(72, 1, 12, 'D', '2020-05-24 21:59:05', NULL),
(73, 1, 13, 'D', '2020-05-24 21:59:08', NULL),
(74, 1, 14, 'B', '2020-05-24 22:18:35', NULL),
(75, 1, 15, 'B', '2020-05-24 22:18:37', NULL),
(76, 1, 16, 'B', '2020-05-24 22:18:55', NULL),
(77, 1, 17, 'B', '2020-05-24 22:18:58', NULL),
(78, 1, 18, 'B', '2020-05-24 22:19:01', NULL),
(79, 1, 19, 'B', '2020-05-24 22:19:03', NULL),
(80, 1, 20, 'B', '2020-05-24 22:19:05', NULL),
(81, 1, 21, 'B', '2020-05-24 22:19:07', NULL),
(82, 1, 22, 'B', '2020-05-24 22:19:08', NULL),
(83, 1, 23, 'B', '2020-05-24 22:19:11', NULL),
(84, 1, 24, 'B', '2020-05-24 22:19:13', NULL),
(85, 1, 25, 'B', '2020-05-24 22:19:15', NULL),
(86, 1, 26, 'B', '2020-05-24 22:29:02', NULL),
(87, 1, 27, 'B', '2020-05-24 22:30:25', NULL),
(88, 1, 28, 'B', '2020-05-24 22:30:27', NULL),
(89, 1, 29, 'B', '2020-05-24 22:30:30', NULL),
(90, 1, 30, 'B', '2020-05-24 22:30:37', NULL);

-- 
-- Dumping data for table users
--
INSERT INTO users VALUES
(1, 'alex.dukachev@gmail.com', '$2y$10$qvS2Sy5jITaJH1JP7bsnAuwCzJUWyO7uMXABk3dS2oMFuRHcRKvqy', 'Дукачев Александр', 'Подразделение', '+7 (778) 230 29 89', 'ФИО ребенка', '2', 'gwW6znHLVwiRrUngV7IytDqshCszxElSom2qCtO7uXYVVTqcw7WK7X195pD8', '2020-05-24 13:46:06', '2020-05-24 13:46:06');

-- 
-- Dumping data for table questions
--
INSERT INTO questions VALUES
(1, 'Наука о бережном отношении к  окружающему миру', 'B', '/assets/1-A.jpg', '/assets/1-B.jpg', '/assets/1-C.jpg', '/assets/1-D.jpg', NULL, NULL),
(2, 'Какая птица самая большая? Страус', 'C', '/assets/2-A.jpg', '/assets/2-B.png', '/assets/2-C.jpg', '/assets/2-D.jpg', NULL, NULL),
(3, 'Любимое лакомство цапли? – лягушки', 'A', '/assets/3-A.jpg', '/assets/3-B.jpg', '/assets/3-C.jpg', '/assets/3-D.jpg', NULL, NULL),
(4, 'Непоседа пёстрая, Птица длиннохвостая, Птица говорливая, Самая болтливая.', 'B', '/assets/4-A.jpg', '/assets/4-B.jpg', '/assets/4-C.png', '/assets/4-D.png', NULL, NULL),
(5, 'Какой овощ содержит большое количество витаминов роста?', 'D', '/assets/5-A.jpg', '/assets/5-B.jpg', '/assets/5-C.jpg', '/assets/5-D.png', NULL, NULL),
(6, 'Кто три раза родится прежде стать взрослым?', 'C', '/assets/6-A.jpg', '/assets/6-B.png', '/assets/6-C.png', '/assets/6-D.png', NULL, NULL),
(7, 'Где находится ухо у кузнечика?', 'A', 'на ноге', 'на голове', 'на усике', 'на брюшке', NULL, NULL),
(8, 'Кто готовит медвежонку мед?', 'B', '/assets/8-A.jpg', '/assets/8-B.png', '/assets/8-C.jpg', '/assets/8-D.png', NULL, NULL),
(9, 'Какой зверь по праву считается самым быстрым?', 'D', '/assets/9-A.png', '/assets/9-B.jpg', '/assets/9-C.jpg', '/assets/9-D.jpg', NULL, NULL),
(10, 'Какая ягода самая большая?', 'B', '/assets/10-A.png', '/assets/10-B.png', '/assets/10-C.jpg', '/assets/10-D.jpg', NULL, NULL),
(11, 'Какой цветок за лето меняет головной убор?', 'A', '/assets/11-A.png', '/assets/11-B.png', '/assets/11-C.png', '/assets/11-D.png', NULL, NULL),
(12, 'Какую птицу называют «лесной кошкой» за ее способность охотиться ночью?', 'C', '/assets/12-A.jpg', '/assets/12-B.jpg', '/assets/12-C.jpg', '/assets/12-D.png', NULL, NULL),
(13, 'Кого, по праву, в народе называют «лесным доктором»?', 'B', '/assets/13-A.jpg', '/assets/13-B.png', '/assets/13-C.jpg', '/assets/13-D.jpg', NULL, NULL),
(14, '"Инженер-строитель" дома на реке', 'A', '/assets/14-A.jpg', '/assets/14-B.jpg', '/assets/14-C.jpg', '/assets/14-D.png', NULL, NULL),
(15, 'Какое животное каждую зиму теряет свой «головной убор»?', 'D', '/assets/15-A.png', '/assets/15-B.png', '/assets/15-C.png', '/assets/15-D.jpg', NULL, NULL),
(16, 'Какое животное любит спать вниз головой?', 'B', '/assets/16-A.png', '/assets/16-B.jpg', '/assets/16-C.jpg', '/assets/16-D.jpg', NULL, NULL),
(17, 'Куда лучше поставить комнатное растение?', 'A', '/assets/17-A.jpg', '/assets/17-B.jpg', '/assets/17-C.jpg', '/assets/17-D.jpg', NULL, NULL),
(18, 'Какое  дерево не является лиственным?', 'C', '/assets/18-A.jpg', '/assets/18-B.jpg', '/assets/18-C.png', '/assets/18-D.png', NULL, NULL),
(19, 'А ты знаешь, что если птица не ест зимой 6 часов, то она погибает? Как мы можем помочь птичкам перезимовать?', 'B', '/assets/19-A.jpg', '/assets/19-B.jpg', '/assets/19-C.png', '/assets/19-D.jpg', NULL, NULL),
(20, 'Какие упаковки быстрее разлагаются?', 'C', '/assets/20-A.jpeg', '/assets/20-B.jpg', '/assets/20-C.jpg', '/assets/20-D.jpg', NULL, NULL),
(21, 'Что можно делать в лесу?', 'A', '/assets/21-A.jpg', '/assets/21-B.png', '/assets/21-C.png', '/assets/21-D.png', NULL, NULL),
(22, 'Чем покрыто тело рыб?', 'B', '/assets/22-A.jpg', '/assets/22-B.jpg', '/assets/22-C.jpg', '/assets/22-D.jpg', NULL, NULL),
(23, 'Как ты думаешь, что произойдет, если человек не затушит костер в лесу?', 'D', '/assets/23-A.jpg', '/assets/23-B.jpg', '/assets/23-C.jpg', '/assets/23-D.jpg', NULL, NULL),
(24, 'Что ты сделаешь, если у тебя закончится вода и останется пустая бутылка?', 'A', 'Выброшу в урну', 'Выброшу в клумбу', 'Выброшу на дорогу', 'Оставлю на скамье', NULL, NULL),
(25, 'Как ты думаешь, что относится к живой природе?', 'C', '/assets/25-A.png', '/assets/25-B.jpg', '/assets/25-C.jpg', '/assets/25-D.png', NULL, NULL),
(26, 'Что относится к неживой природе?', 'B', '/assets/26-A.jpg', '/assets/26-B.jpg', '/assets/26-C.jpg', '/assets/26-D.jpg', NULL, NULL),
(27, 'Выбери то, что относится к природе.', 'D', '/assets/27-A.png', '/assets/27-B.jpg', '/assets/27-C.jpg', '/assets/27-D.jpg', NULL, NULL),
(28, 'Выбери животное, которое не запасает еду на зиму.', 'A', '/assets/28-A.jpg', '/assets/28-B.jpg', '/assets/28-C.jpg', '/assets/28-D.jpg', NULL, NULL),
(29, 'Представь, что ты летишь на вертолете и смотришь вниз на зимний лес. Ты видишь как гуляет лось. Давай найдем его следы среды других гуляющих животных.', 'B', '/assets/29-A.jpg', '/assets/29-B.jpg', '/assets/29-C.jpg', '/assets/29-D.png', NULL, NULL),
(30, 'Правило сбора ягод гласит: «Не знаешь ягод – не бери, тем более не ешь». Давай найдем съедобную ягодку.', 'C', '/assets/30-A.jpg', '/assets/30-B.jpg', '/assets/30-C.jpg', '/assets/30-D.jpg', NULL, NULL);

-- 
-- Dumping data for table migrations
--
INSERT INTO migrations VALUES
(1, '2020_05_24_070708_create_questions_table', 1),
(2, '2020_05_24_070955_user_answers', 1),
(3, '2020_05_24_071004_users', 1);

-- 
-- Restore previous SQL mode
-- 
/*!40101 SET SQL_MODE=@OLD_SQL_MODE */;

-- 
-- Enable foreign keys
-- 
/*!40014 SET FOREIGN_KEY_CHECKS=@OLD_FOREIGN_KEY_CHECKS */;